LocationID,COUNTY,ROUTE,LOCATION,AADT_2002,AADT_2003,AADT_2004,AADT_2005,AADT_2006,AADT_2007,AADT_2008,AADT_2009,AADT_2010,AADT_2011,AADT_2012,AADT_2013,AADT_2014,AADT_2015,AADT_2016,AADT_2017,AADT_2018,AADT_2019,AADT_2020,AADT_2021,AADT_2022,AADT_2023
600000766,MECKLENBURG,I-485,BETWEEN EXIT 30 (I-85) AND EXIT 32,12000.0,17000.0,33000.0,42000.0,52000.0,60000.0,50000.0,53000.0,53000.0,51000.0,45000.0,52000.0,53000.0,89000.0,108000.0,115000.0,122000.0,113000.0,96500.0,66675.0,66675.0,117000.0
600000845,MECKLENBURG,I-485,BETWEEN EXIT 51 AND EXIT 52,39000.0,45000.0,63000.0,68000.0,68000.0,68000.0,65000.0,67000.0,64000.0,64000.0,65000.0,66000.0,70000.0,76000.0,82000.0,84000.0,86500.0,84000.0,68000.0,68725.0,68725.0,82000.0
600000846,MECKLENBURG,I-485,BETWEEN EXIT 52 AND EXIT 57,45000.0,53000.0,69000.0,72000.0,70000.0,70000.0,68000.0,70000.0,66000.0,65000.0,67000.0,67000.0,70000.0,77000.0,80000.0,81000.0,82500.0,81000.0,65500.0,69925.0,69925.0,79500.0
600000847,MECKLENBURG,I-485,BETWEEN EXIT 57 AND EXIT 59,58000.0,62000.0,78000.0,78000.0,74000.0,73000.0,73000.0,75000.0,71000.0,72000.0,69000.0,72000.0,72000.0,80000.0,84000.0,85000.0,87500.0,85500.0,70000.0,75175.0,75175.0,84500.0
600000848,MECKLENBURG,I-485,BETWEEN EXIT 59 AND EXIT 61,65000.0,72000.0,90000.0,89000.0,84000.0,82000.0,82000.0,83000.0,79000.0,81000.0,78000.0,81000.0,78000.0,89000.0,97000.0,98000.0,101000.0,96000.0,78500.0,84925.0,84925.0,95000.0
600000849,MECKLENBURG,I-485,BETWEEN EXIT 61 AND EXIT 64,83000.0,86000.0,95000.0,100000.0,96000.0,93000.0,96000.0,96000.0,92000.0,94000.0,89000.0,92000.0,90000.0,110000.0,121000.0,124000.0,128000.0,122000.0,100000.0,101400.0,101400.0,121000.0
600000850,MECKLENBURG,I-485,BETWEEN EXIT 64 AND EXIT 65,107000.0,107000.0,109000.0,124000.0,121000.0,117000.0,119000.0,120000.0,115000.0,118000.0,112000.0,116000.0,111000.0,135000.0,146000.0,149000.0,154000.0,148000.0,122000.0,124900.0,124900.0,148000.0
600000851,MECKLENBURG,I-485,BETWEEN EXIT 65 AND EXIT 67 (I-77),102000.0,101000.0,104000.0,121000.0,119000.0,116000.0,118000.0,116000.0,111000.0,116000.0,108000.0,113000.0,108000.0,133000.0,143000.0,147000.0,153000.0,147000.0,122000.0,122250.0,122250.0,147000.0
600000852,MECKLENBURG,I-485,BETWEEN EXIT 67 (I-77) AND EXIT 1,31000.0,29000.0,38000.0,70000.0,82000.0,88000.0,87000.0,86000.0,86000.0,90000.0,88000.0,93000.0,96000.0,108000.0,112000.0,121000.0,126000.0,124000.0,104000.0,89200.0,89200.0,125000.0
600001297,MECKLENBURG,I-485,BETWEEN EXIT 33 AND EXIT 36,63842.11,63842.11,38000.0,46000.0,56000.0,57000.0,50000.0,52000.0,52000.0,51000.0,47000.0,52000.0,55000.0,72000.0,81000.0,84000.0,88500.0,82000.0,68000.0,87000.0,63842.11,94500.0
600001298,MECKLENBURG,I-485,BETWEEN EXIT 36 AND EXIT 39,59055.56,59055.56,39000.0,47000.0,55000.0,55000.0,49000.0,50000.0,51000.0,50000.0,47000.0,51000.0,52000.0,67000.0,76000.0,79000.0,82500.0,76000.0,62000.0,59055.56,59055.56,74500.0
600001299,MECKLENBURG,I-485,BETWEEN EXIT 39 AND EXIT 41,56333.33,56333.33,38000.0,45000.0,53000.0,51000.0,47000.0,47000.0,47000.0,47000.0,45000.0,48000.0,51000.0,64000.0,73000.0,75000.0,78500.0,74000.0,59000.0,56333.33,56333.33,71500.0
600001300,MECKLENBURG,I-485,BETWEEN EXIT 49 AND EXIT 51,20000.0,23000.0,49000.0,54000.0,56000.0,54000.0,52000.0,53000.0,51000.0,51000.0,51000.0,50000.0,55000.0,63000.0,69000.0,70000.0,72000.0,70500.0,56500.0,54400.0,54400.0,68000.0
600001301,MECKLENBURG,I-485,BETWEEN EXIT 47 AND EXIT 49,14000.0,15000.0,45000.0,51000.0,53000.0,50000.0,49000.0,49000.0,47000.0,48000.0,46000.0,47000.0,51000.0,61000.0,66000.0,67000.0,69000.0,69000.0,55000.0,50925.0,50925.0,66500.0
600001302,MECKLENBURG,I-485,BETWEEN EXIT 1 AND EXIT 3,11000.0,12000.0,14000.0,48000.0,62000.0,66000.0,65000.0,67000.0,67000.0,70000.0,68000.0,76000.0,77000.0,90000.0,96000.0,106000.0,110000.0,112000.0,94000.0,71200.0,71200.0,113000.0
600001303,MECKLENBURG,I-485,BETWEEN EXIT 32 AND EXIT 33,15000.0,14000.0,39000.0,49000.0,56000.0,63000.0,55000.0,56000.0,57000.0,56000.0,51000.0,56000.0,60000.0,85000.0,101000.0,107000.0,113000.0,101000.0,85500.0,66125.0,66125.0,103000.0
600001306,MECKLENBURG,I-485,BETWEEN EXIT 41 AND EXIT 43,47694.44,47694.44,36000.0,40000.0,47000.0,43000.0,40000.0,40000.0,39000.0,40000.0,38000.0,40000.0,43000.0,55000.0,61000.0,63000.0,65000.0,61500.0,48500.0,47694.44,47694.44,58500.0
600001307,MECKLENBURG,I-485,BETWEEN EXIT 43 AND EXIT 44,50055.56,50055.56,36000.0,42000.0,49000.0,44000.0,42000.0,43000.0,42000.0,43000.0,41000.0,42000.0,46000.0,57000.0,63000.0,66000.0,68000.0,64500.0,51000.0,50055.56,50055.56,61500.0
600001308,MECKLENBURG,I-485,BETWEEN EXIT 44 AND EXIT 47,51000.0,51000.0,39000.0,45000.0,50000.0,45000.0,44000.0,45000.0,43000.0,44000.0,42000.0,43000.0,48000.0,57000.0,62000.0,63000.0,65500.0,66500.0,52500.0,51000.0,51000.0,63500.0
600001309,MECKLENBURG,I-485,BETWEEN EXIT 3 AND EXIT 4,83000.0,83000.0,83000.0,47000.0,61000.0,65000.0,64000.0,65000.0,67000.0,70000.0,69000.0,76000.0,79000.0,93000.0,100000.0,110000.0,115000.0,116000.0,97000.0,83000.0,83000.0,117000.0
600001310,MECKLENBURG,I-485,BETWEEN EXIT 6 AND EXIT 9,91294.12,91294.12,91294.12,48000.0,62000.0,69000.0,68000.0,69000.0,72000.0,78000.0,78000.0,84000.0,88000.0,105000.0,110000.0,124000.0,130000.0,129000.0,108000.0,91294.12,91294.12,130000.0
600001311,MECKLENBURG,I-485,BETWEEN EXIT 9 AND EXIT 10,80970.59,80970.59,80970.59,40000.0,49000.0,59000.0,60000.0,62000.0,66000.0,71000.0,70000.0,77000.0,79000.0,93000.0,96000.0,111000.0,116000.0,115000.0,96500.0,80970.59,80970.59,116000.0
600001313,MECKLENBURG,I-485,BETWEEN EXIT 10 AND EXIT 12,65466.67,65466.67,65466.67,65466.67,65466.67,25000.0,39000.0,44000.0,50000.0,54000.0,55000.0,57000.0,59000.0,75000.0,81000.0,90000.0,94000.0,91000.0,76000.0,65466.67,65466.67,92000.0
600001314,MECKLENBURG,I-485,BETWEEN EXIT 12 AND EXIT 14,62093.75,62093.75,62093.75,62093.75,62093.75,22000.0,35000.0,40000.0,46000.0,51000.0,51000.0,52000.0,54000.0,68000.0,74000.0,82000.0,85500.0,85500.0,72000.0,84000.0,62093.75,91500.0
600001315,MECKLENBURG,I-485,BETWEEN EXIT 14 AND EXIT 16,56500.0,56500.0,56500.0,56500.0,56500.0,15000.0,29000.0,34000.0,41000.0,46000.0,45000.0,47000.0,48000.0,66000.0,73000.0,82000.0,84000.0,83000.0,70000.0,56500.0,56500.0,84500.0
600001321,MECKLENBURG,I-485,BETWEEN EXIT 21 AND EXIT 23C,50285.71,50285.71,50285.71,50285.71,50285.71,50285.71,19000.0,24000.0,27000.0,31000.0,27000.0,34000.0,37000.0,56000.0,65000.0,83000.0,84500.0,75000.0,64000.0,50285.71,50285.71,77500.0
600001322,MECKLENBURG,I-485,BETWEEN EXIT 16 AND EXIT 21,58966.67,58966.67,58966.67,58966.67,58966.67,58966.67,24000.0,31000.0,36000.0,41000.0,39000.0,41000.0,42000.0,65000.0,73000.0,83000.0,83000.0,81500.0,69000.0,84500.0,58966.67,91500.0
600001323,MECKLENBURG,I-485,BETWEEN EXIT 4 AND EXIT 6,104727.27,104727.27,104727.27,104727.27,104727.27,104727.27,104727.27,104727.27,104727.27,77000.0,77000.0,83000.0,86000.0,104000.0,109000.0,122000.0,128000.0,129000.0,107000.0,104727.27,104727.27,130000.0
600001575,MECKLENBURG,I-485,BETWEEN EXIT 23C AND EXIT 26,87285.71,87285.71,87285.71,87285.71,87285.71,87285.71,87285.71,87285.71,87285.71,87285.71,87285.71,87285.71,87285.71,64000.0,85000.0,85000.0,88500.0,100000.0,85500.0,87285.71,87285.71,103000.0
600001576,MECKLENBURG,I-485,BETWEEN EXIT 26 AND EXIT 28,86562.5,86562.5,86562.5,86562.5,86562.5,86562.5,86562.5,86562.5,86562.5,86562.5,86562.5,86562.5,86562.5,56000.0,77000.0,86000.0,92000.0,93000.0,79500.0,100000.0,86562.5,109000.0
600001577,MECKLENBURG,I-485,BETWEEN EXIT 28 AND EXIT 30,86857.14,86857.14,86857.14,86857.14,86857.14,86857.14,86857.14,86857.14,86857.14,86857.14,86857.14,86857.14,86857.14,56000.0,81000.0,90000.0,96000.0,98500.0,84500.0,86857.14,86857.14,102000.0
600001649,MECKLENBURG,I-485,BETWEEN WESTINGHOUSE BLVD EB AND I-485,3678.57,3678.57,3678.57,3678.57,3678.57,3678.57,3678.57,4400.0,3100.0,3000.0,3100.0,3000.0,3200.0,3400.0,3800.0,3900.0,3900.0,4100.0,3678.57,4100.0,4300.0,4200.0
600001650,MECKLENBURG,I-485,BETWEEN WESTINGHOUSE BLVD WB AND I-485,3250.0,3250.0,3250.0,3250.0,3250.0,3250.0,3250.0,2600.0,2500.0,2600.0,2700.0,2300.0,3200.0,2800.0,3400.0,3800.0,4000.0,3600.0,3250.0,3700.0,4100.0,4200.0
600001652,MECKLENBURG,I-485,BETWEEN I-485 AND WESTINGHOUSE BLVD,16107.14,16107.14,16107.14,16107.14,16107.14,16107.14,16107.14,15000.0,15000.0,15000.0,15000.0,16000.0,17000.0,15000.0,16000.0,14000.0,16500.0,17000.0,16107.14,18000.0,17500.0,18500.0
600001662,MECKLENBURG,I-485,BETWEEN I-485 OUTER AND I-77 SB,19142.86,19142.86,19142.86,19142.86,19142.86,19142.86,19142.86,14000.0,14000.0,15000.0,16000.0,17000.0,18000.0,17000.0,21000.0,21000.0,22500.0,23000.0,19142.86,22500.0,23000.0,24000.0
600001663,MECKLENBURG,I-485,BETWEEN I-485 OUTER AND I-77 NB,9346.15,9346.15,9346.15,9346.15,9346.15,9346.15,9346.15,9100.0,8800.0,9100.0,8700.0,9900.0,10000.0,9000.0,9700.0,10000.0,9346.15,9300.0,9346.15,9800.0,9300.0,8800.0
600001664,MECKLENBURG,I-485,BETWEEN I-485 OUTER AND I-77,27818.18,27818.18,27818.18,27818.18,27818.18,27818.18,27818.18,23000.0,22000.0,27818.18,24000.0,27000.0,29000.0,27000.0,29000.0,30000.0,27818.18,32000.0,27818.18,31500.0,27818.18,31500.0
600001665,MECKLENBURG,I-485,BETWEEN I-77 SB AND I-485 OUTER,21461.54,21461.54,21461.54,21461.54,21461.54,21461.54,21461.54,21000.0,19000.0,20000.0,18000.0,21000.0,20000.0,22000.0,24000.0,24000.0,21461.54,23000.0,21461.54,21500.0,22500.0,23000.0
600001666,MECKLENBURG,I-485,BETWEEN I-77 NB AND I-485 INNER,17461.54,17461.54,17461.54,17461.54,17461.54,17461.54,17461.54,13000.0,13000.0,14000.0,15000.0,16000.0,18000.0,18000.0,12000.0,20000.0,17461.54,22500.0,17461.54,20500.0,22500.0,22500.0
600001667,MECKLENBURG,I-485,BETWEEN I-77 NB AND I-485 OUTER,14576.92,14576.92,14576.92,14576.92,14576.92,14576.92,14576.92,13000.0,11000.0,14000.0,12000.0,12000.0,12000.0,14000.0,16000.0,17000.0,14576.92,17000.0,14576.92,17000.0,17500.0,17000.0
600001668,MECKLENBURG,I-485,BETWEEN I-485 INNER AND I-77,38461.54,38461.54,38461.54,38461.54,38461.54,38461.54,38461.54,37000.0,34000.0,36000.0,35000.0,36000.0,36000.0,38000.0,41000.0,44000.0,38461.54,45000.0,38461.54,39000.0,39000.0,40000.0
600001669,MECKLENBURG,I-485,BETWEEN I-485 INNER AND I-77 SB,17307.69,17307.69,17307.69,17307.69,17307.69,17307.69,17307.69,15000.0,15000.0,15000.0,15000.0,15000.0,15000.0,17000.0,19000.0,21000.0,17307.69,20500.0,17307.69,19000.0,18500.0,20000.0
600001670,MECKLENBURG,I-485,BETWEEN I-485 INNER AND I-77 NB,22357.14,22357.14,22357.14,22357.14,22357.14,22357.14,22357.14,22000.0,21000.0,22000.0,22000.0,22000.0,22000.0,23000.0,24000.0,25000.0,24000.0,23500.0,22357.14,21000.0,20500.0,21000.0
600001671,MECKLENBURG,I-485,BETWEEN I-77 SB AND I-485 INNER,8285.71,8285.71,8285.71,8285.71,8285.71,8285.71,8285.71,7800.0,8300.0,8000.0,7400.0,8800.0,8900.0,8100.0,8500.0,8700.0,9000.0,8200.0,8285.71,8100.0,8100.0,8100.0
600001672,MECKLENBURG,I-485,BETWEEN I-485 AND I-77,30730.77,30730.77,30730.77,30730.77,30730.77,30730.77,30730.77,31000.0,29000.0,30000.0,28000.0,32000.0,31000.0,31000.0,33000.0,34000.0,30730.77,32000.0,30730.77,30000.0,28500.0,30000.0
600001795,MECKLENBURG,I-485,BETWEEN I-485 OUTER AND I-85 SB,15038.46,15038.46,15038.46,15038.46,15038.46,15038.46,15038.46,13000.0,14000.0,12000.0,13000.0,14000.0,13000.0,14000.0,17000.0,17000.0,15038.46,17000.0,15038.46,16500.0,17000.0,18000.0
600001796,MECKLENBURG,I-485,BETWEEN I-485 OUTER AND I-85 NB,12285.71,12285.71,12285.71,12285.71,12285.71,12285.71,12285.71,11000.0,12500.0,9600.0,9800.0,9800.0,9300.0,12000.0,14000.0,13000.0,13500.0,14000.0,12285.71,14500.0,13000.0,16000.0
600001803,MECKLENBURG,I-485,BETWEEN I-485 OUTER AND US 29,6250.0,6250.0,6250.0,6250.0,6250.0,6250.0,6250.0,5500.0,6300.0,6700.0,7600.0,7700.0,6400.0,5100.0,5800.0,7400.0,6200.0,6200.0,6250.0,5600.0,5400.0,5600.0
600001804,MECKLENBURG,I-485,BETWEEN US 29 NB AND I-485 INNER,2900.0,2900.0,2900.0,2900.0,2900.0,2900.0,2900.0,3000.0,3200.0,3400.0,3800.0,3500.0,3100.0,2500.0,2900.0,2800.0,2800.0,2300.0,2900.0,2100.0,2400.0,2800.0
600001805,MECKLENBURG,I-485,BETWEEN US 29 AND I-485 OUTER,8469.23,8469.23,8469.23,8469.23,8469.23,8469.23,8469.23,3300.0,3600.0,3900.0,8469.23,4500.0,5300.0,7700.0,9800.0,11000.0,11000.0,11000.0,8469.23,13000.0,13000.0,13000.0
600001806,MECKLENBURG,I-485,BETWEEN I-485 INNER AND US 29,7850.0,7850.0,7850.0,7850.0,7850.0,7850.0,7850.0,3400.0,4000.0,4200.0,7850.0,4600.0,4100.0,6800.0,9100.0,10000.0,7850.0,11500.0,7850.0,11000.0,12500.0,13000.0
600001807,MECKLENBURG,I-485,BETWEEN US 29 SB AND I-485 INNER,3078.57,3078.57,3078.57,3078.57,3078.57,3078.57,3078.57,2200.0,2400.0,3000.0,3700.0,3500.0,3900.0,2600.0,2900.0,3300.0,3100.0,2500.0,3078.57,3600.0,3200.0,3200.0
600001808,MECKLENBURG,I-485,BETWEEN NC 49 AND I-485 OUTER,11715.38,11715.38,11715.38,11715.38,11715.38,11715.38,11715.38,6300.0,7300.0,6800.0,7100.0,5900.0,8400.0,12000.0,15000.0,17000.0,11715.38,16500.0,11715.38,17000.0,16500.0,16500.0
600001809,MECKLENBURG,I-485,BETWEEN I-485 INNER AND NC 49,11578.57,11578.57,11578.57,11578.57,11578.57,11578.57,11578.57,6600.0,5400.0,6800.0,7000.0,6300.0,8500.0,11000.0,15000.0,17000.0,16000.0,13500.0,11578.57,15500.0,16500.0,17000.0
600001810,MECKLENBURG,I-485,BETWEEN NC 49 AND I-485 INNER,5069.23,5069.23,5069.23,5069.23,5069.23,5069.23,5069.23,4700.0,4700.0,4700.0,5000.0,4800.0,5200.0,5400.0,5700.0,6200.0,5069.23,4800.0,5069.23,5000.0,4900.0,4800.0
600001811,MECKLENBURG,I-485,BETWEEN I-485 OUTER AND NC 49,5569.23,5569.23,5569.23,5569.23,5569.23,5569.23,5569.23,5100.0,5000.0,4900.0,5500.0,5200.0,5800.0,5700.0,6000.0,5900.0,5569.23,6300.0,5569.23,5600.0,5800.0,5600.0
600001812,MECKLENBURG,I-485,BETWEEN SR 2802 AND I-485 OUTER,6142.86,6142.86,6142.86,6142.86,6142.86,6142.86,6142.86,3600.0,3700.0,3600.0,4000.0,3900.0,4900.0,6400.0,7000.0,7700.0,7800.0,8300.0,6142.86,7800.0,8000.0,9300.0
600001813,MECKLENBURG,I-485,BETWEEN I-485 OUTER AND SR 2802,3807.14,3807.14,3807.14,3807.14,3807.14,3807.14,3807.14,3200.0,3800.0,3200.0,3800.0,3600.0,3700.0,3700.0,3800.0,4600.0,4200.0,4100.0,3807.14,3800.0,3600.0,4200.0
600001814,MECKLENBURG,I-485,BETWEEN SR 2802 AND I-485 INNER,3900.0,3900.0,3900.0,3900.0,3900.0,3900.0,3900.0,3200.0,3900.0,3400.0,4100.0,3700.0,3700.0,3700.0,3800.0,4400.0,4200.0,4200.0,3900.0,4000.0,3800.0,4500.0
600001815,MECKLENBURG,I-485,BETWEEN I-485 INNER AND SR 2802,5830.77,5830.77,5830.77,5830.77,5830.77,5830.77,5830.77,3500.0,3600.0,3400.0,3700.0,3800.0,5100.0,6400.0,6800.0,7400.0,5830.77,8300.0,5830.77,7500.0,7500.0,8800.0
600001816,MECKLENBURG,I-485,BETWEEN SR 2805 AND I-485 OUTER,4607.14,4607.14,4607.14,4607.14,4607.14,4607.14,4607.14,3400.0,3800.0,3300.0,4000.0,3400.0,3500.0,4300.0,4900.0,5300.0,5400.0,5400.0,4607.14,5900.0,5900.0,6000.0
600001817,MECKLENBURG,I-485,BETWEEN I-485 OUTER AND SR 2805,3407.14,3407.14,3407.14,3407.14,3407.14,3407.14,3407.14,2600.0,2300.0,2600.0,3200.0,2800.0,2800.0,3100.0,3600.0,3700.0,4100.0,3900.0,3407.14,4200.0,4300.0,4500.0
600001818,MECKLENBURG,I-485,BETWEEN SR 2805 AND I-485 INNER,3350.0,3350.0,3350.0,3350.0,3350.0,3350.0,3350.0,2600.0,2300.0,2500.0,2900.0,2800.0,2800.0,3000.0,3500.0,3500.0,4000.0,4000.0,3350.0,4300.0,4200.0,4500.0
600001819,MECKLENBURG,I-485,BETWEEN I-485 INNER AND SR 2805,5035.71,5035.71,5035.71,5035.71,5035.71,5035.71,5035.71,3600.0,4100.0,3600.0,4100.0,3500.0,3400.0,4800.0,5600.0,5900.0,6100.0,6000.0,5035.71,6500.0,6600.0,6700.0
600001820,MECKLENBURG,I-485,BETWEEN NC 24-27 AND I-485 OUTER,7869.23,7869.23,7869.23,7869.23,7869.23,7869.23,7869.23,5400.0,5400.0,5200.0,5900.0,5800.0,6100.0,7100.0,10000.0,9900.0,7869.23,10500.0,7869.23,9500.0,10500.0,11000.0
600001821,MECKLENBURG,I-485,BETWEEN I-485 INNER AND NC 24-27,7728.57,7728.57,7728.57,7728.57,7728.57,7728.57,7728.57,5100.0,5300.0,5200.0,5600.0,5400.0,6200.0,7200.0,8700.0,9600.0,9600.0,9700.0,7728.57,9600.0,10000.0,11000.0
600001822,MECKLENBURG,I-485,BETWEEN NC 24-27 AND I-485 INNER,2676.92,2676.92,2676.92,2676.92,2676.92,2676.92,2676.92,2000.0,1900.0,2100.0,2300.0,2100.0,2200.0,2800.0,2800.0,3400.0,2676.92,3000.0,2676.92,3300.0,3300.0,3600.0
600001823,MECKLENBURG,I-485,BETWEEN I-485 OUTER AND NC 24-27,2628.57,2628.57,2628.57,2628.57,2628.57,2628.57,2628.57,2000.0,2000.0,1900.0,2300.0,2100.0,2100.0,2700.0,2800.0,3200.0,2900.0,2700.0,2628.57,3200.0,3300.0,3600.0
600001824,MECKLENBURG,I-485,BETWEEN NC 51 AND I-485 OUTER,2246.15,2246.15,2246.15,2246.15,2246.15,2246.15,2246.15,1400.0,1400.0,1500.0,1700.0,1700.0,1800.0,2100.0,2500.0,3000.0,2246.15,3100.0,2246.15,2800.0,2900.0,3300.0
600001825,MECKLENBURG,I-485,BETWEEN I-485 OUTER AND NC 51,3792.86,3792.86,3792.86,3792.86,3792.86,3792.86,3792.86,3000.0,2900.0,2900.0,3200.0,3100.0,3000.0,3200.0,3900.0,4600.0,4600.0,4600.0,3792.86,4400.0,4700.0,5000.0
600001826,MECKLENBURG,I-485,BETWEEN I-485 INNER AND NC 51,2253.85,2253.85,2253.85,2253.85,2253.85,2253.85,2253.85,1400.0,1400.0,1500.0,2253.85,1600.0,1900.0,2200.0,2500.0,3000.0,2800.0,2800.0,2253.85,2600.0,2600.0,3000.0
600001827,MECKLENBURG,I-485,BETWEEN NC 51 AND I-485 INNER,3585.71,3585.71,3585.71,3585.71,3585.71,3585.71,3585.71,2800.0,2700.0,2700.0,3200.0,2800.0,2900.0,3000.0,3500.0,4300.0,4300.0,4100.0,3585.71,4300.0,4800.0,4800.0
600001828,MECKLENBURG,I-485,BETWEEN I-485 INNER AND NC 218,3464.29,3464.29,3464.29,3464.29,3464.29,3464.29,3464.29,2200.0,2300.0,2300.0,2500.0,2400.0,2300.0,3200.0,4400.0,6100.0,5500.0,3100.0,3464.29,4000.0,3900.0,4300.0
600001829,MECKLENBURG,I-485,BETWEEN NC 218 AND I-485 INNER,3778.57,3778.57,3778.57,3778.57,3778.57,3778.57,3778.57,3300.0,3300.0,3200.0,3500.0,3200.0,3400.0,3400.0,3800.0,4600.0,4600.0,3800.0,3778.57,4200.0,4200.0,4400.0
600001830,MECKLENBURG,I-485,BETWEEN NC 218 AND I-485 OUTER,3553.85,3553.85,3553.85,3553.85,3553.85,3553.85,3553.85,2400.0,2600.0,2600.0,3100.0,2900.0,2600.0,3500.0,4500.0,5900.0,3553.85,3100.0,3553.85,4100.0,4200.0,4700.0
600001831,MECKLENBURG,I-485,BETWEEN I-485 OUTER AND NC 218,3750.0,3750.0,3750.0,3750.0,3750.0,3750.0,3750.0,3200.0,3200.0,3200.0,3400.0,3100.0,3100.0,3300.0,3900.0,4600.0,4500.0,4500.0,3750.0,4000.0,4200.0,4300.0
600001832,MECKLENBURG,I-485,BETWEEN I-485 INNER AND SR 1004,3021.43,3021.43,3021.43,3021.43,3021.43,3021.43,3021.43,2400.0,2400.0,2300.0,2600.0,2600.0,2700.0,2800.0,3300.0,3400.0,3700.0,3300.0,3021.43,3400.0,3700.0,3700.0
600001833,MECKLENBURG,I-485,BETWEEN SR 1004 AND I-485 OUTER,3100.0,3100.0,3100.0,3100.0,3100.0,3100.0,3100.0,2600.0,2400.0,2300.0,2500.0,2500.0,2600.0,3000.0,3400.0,3600.0,3700.0,3300.0,3100.0,3700.0,3900.0,3900.0
600001834,MECKLENBURG,I-485,BETWEEN I-485 OUTER AND SR 1004,4592.86,4592.86,4592.86,4592.86,4592.86,4592.86,4592.86,4400.0,4400.0,4300.0,4500.0,4600.0,4400.0,4300.0,5200.0,4800.0,5800.0,5000.0,4592.86,4000.0,4300.0,4300.0
600001835,MECKLENBURG,I-485,BETWEEN SR 1004  AND I-485 INNER,4500.0,4500.0,4500.0,4500.0,4500.0,4500.0,4500.0,4400.0,4700.0,4200.0,4500.0,4300.0,4300.0,4300.0,4800.0,5300.0,5000.0,4400.0,4500.0,4100.0,4300.0,4400.0
600001836,MECKLENBURG,I-485,BETWEEN SR 3174 AND I-485 OUTER,3964.29,3964.29,3964.29,3964.29,3964.29,3964.29,3964.29,3400.0,3200.0,3100.0,2900.0,3400.0,3400.0,3500.0,4100.0,4900.0,5200.0,4400.0,3964.29,4400.0,4600.0,5000.0
600001837,MECKLENBURG,I-485,BETWEEN I-485 INNER AND SR 3174,4207.14,4207.14,4207.14,4207.14,4207.14,4207.14,4207.14,3300.0,3400.0,3200.0,2900.0,3500.0,3400.0,3800.0,4300.0,5400.0,5600.0,4900.0,4207.14,4700.0,4800.0,5700.0
600001838,MECKLENBURG,I-485,BETWEEN I-485 OUTER AND SR 3174,5364.29,5364.29,5364.29,5364.29,5364.29,5364.29,5364.29,5400.0,4900.0,4900.0,4900.0,5400.0,5000.0,5200.0,5800.0,6900.0,6800.0,5600.0,5364.29,4400.0,4900.0,5000.0
600001839,MECKLENBURG,I-485,BETWEEN SR 3174 AND I-485 INNER,5135.71,5135.71,5135.71,5135.71,5135.71,5135.71,5135.71,5100.0,5000.0,4900.0,4900.0,5300.0,5200.0,4000.0,5700.0,6200.0,6300.0,5200.0,5135.71,4400.0,4800.0,4900.0
600001840,MECKLENBURG,I-485,BETWEEN US 74 AND I-485 OUTER,11730.77,11730.77,11730.77,11730.77,11730.77,11730.77,11730.77,9900.0,9100.0,9100.0,9000.0,9900.0,11000.0,11000.0,13000.0,13000.0,11730.77,13500.0,11730.77,13500.0,15000.0,15500.0
600001841,MECKLENBURG,I-485,BETWEEN I-485 OUTER AND US 74,16833.33,16833.33,16833.33,16833.33,16833.33,16833.33,16833.33,16000.0,15000.0,16833.33,15000.0,17000.0,17000.0,17000.0,19000.0,17000.0,20000.0,20500.0,16833.33,16833.33,14000.0,14500.0
600001842,MECKLENBURG,I-485,BETWEEN US 74 AND I-485 INNER,18464.29,18464.29,18464.29,18464.29,18464.29,18464.29,18464.29,16000.0,16000.0,15000.0,15000.0,18000.0,17000.0,16000.0,19000.0,19000.0,20000.0,20000.0,18464.29,21000.0,22500.0,24000.0
600001843,MECKLENBURG,I-485,BETWEEN I-485 INNER AND US 74 WB,5907.14,5907.14,5907.14,5907.14,5907.14,5907.14,5907.14,5500.0,5100.0,4900.0,5200.0,5500.0,5800.0,6100.0,7300.0,7500.0,7500.0,6000.0,5907.14,5400.0,5300.0,5600.0
600001844,MECKLENBURG,I-485,BETWEEN I-485 INNER AND US 74 EB,5342.86,5342.86,5342.86,5342.86,5342.86,5342.86,5342.86,3700.0,3500.0,3700.0,3600.0,3900.0,4400.0,4900.0,5400.0,4300.0,5100.0,7400.0,5342.86,8300.0,8100.0,8500.0
600001845,MECKLENBURG,I-485,BETWEEN US 74 WB AND I-485 OUTER,5535.71,5535.71,5535.71,5535.71,5535.71,5535.71,5535.71,3900.0,3900.0,4000.0,4000.0,4100.0,4700.0,5500.0,5600.0,4700.0,4800.0,6900.0,5535.71,8200.0,8400.0,8800.0
600001846,MECKLENBURG,I-485,BETWEEN US 74 WB AND I-485,15964.29,15964.29,15964.29,15964.29,15964.29,15964.29,15964.29,13000.0,13000.0,13000.0,12000.0,13000.0,14000.0,14000.0,15000.0,14000.0,14500.0,19000.0,15964.29,21500.0,23000.0,24500.0
600001847,MECKLENBURG,I-485,BETWEEN I-485 OUTER AND US 74 WB,7578.57,7578.57,7578.57,7578.57,7578.57,7578.57,7578.57,6700.0,6600.0,7000.0,6900.0,7700.0,7400.0,7200.0,9400.0,9200.0,10000.0,8600.0,7578.57,6300.0,6400.0,6700.0
600001848,MECKLENBURG,I-485,BETWEEN US 74 EB AND I-485 OUTER,6092.31,6092.31,6092.31,6092.31,6092.31,6092.31,6092.31,5700.0,5200.0,5100.0,5200.0,5800.0,5900.0,6300.0,8000.0,7900.0,6092.31,6500.0,6092.31,5600.0,5800.0,6200.0
600001849,MECKLENBURG,I-485,BETWEEN I-485 OUTER AND US 74 EB,10542.86,10542.86,10542.86,10542.86,10542.86,10542.86,10542.86,9400.0,8400.0,8800.0,8700.0,9400.0,9300.0,9800.0,10000.0,8400.0,9900.0,12500.0,10542.86,13000.0,14500.0,15500.0
600001850,MECKLENBURG,I-485,BETWEEN US 74 EB AND I-485 INNER,8400.0,8400.0,8400.0,8400.0,8400.0,8400.0,8400.0,7500.0,7500.0,7300.0,7400.0,8500.0,8000.0,7700.0,9700.0,10000.0,10500.0,9100.0,8400.0,7700.0,8100.0,8600.0
600001851,MECKLENBURG,I-485,BETWEEN I-485 OUTER AND SR 1010,7428.57,7428.57,7428.57,7428.57,7428.57,7428.57,7428.57,7500.0,7000.0,7000.0,6900.0,7600.0,7300.0,7100.0,6600.0,7200.0,8600.0,8200.0,7428.57,7400.0,7600.0,8000.0
600001852,MECKLENBURG,I-485,BETWEEN SR 1010 AND I-485 INNER,6400.0,6400.0,6400.0,6400.0,6400.0,6400.0,6400.0,6600.0,6000.0,5900.0,6000.0,6400.0,6200.0,6200.0,7000.0,6800.0,7400.0,6600.0,6400.0,5800.0,6200.0,6500.0
600001853,MECKLENBURG,I-485,BETWEEN SR 1010 AND I-485 OUTER,7042.86,7042.86,7042.86,7042.86,7042.86,7042.86,7042.86,5600.0,5200.0,5200.0,5400.0,5900.0,6600.0,6400.0,8000.0,9100.0,10000.0,8500.0,7042.86,7100.0,7600.0,8000.0
600001854,MECKLENBURG,I-485,BETWEEN I-485 INNER AND SR 1010,7576.92,7576.92,7576.92,7576.92,7576.92,7576.92,7576.92,6100.0,5700.0,5700.0,5600.0,6400.0,6800.0,6900.0,8600.0,9900.0,7576.92,9300.0,7576.92,8800.0,9100.0,9600.0
600001855,MECKLENBURG,I-485,BETWEEN I-485 OUTER AND NC 16,12571.43,12571.43,12571.43,12571.43,12571.43,12571.43,12571.43,11000.0,10000.0,11000.0,11000.0,12000.0,12000.0,11000.0,12000.0,14000.0,15000.0,14500.0,12571.43,13500.0,14500.0,14500.0
600001856,MECKLENBURG,I-485,BETWEEN NC 16 SB AND I-485 INNER,6525.0,6525.0,6525.0,6525.0,6525.0,6525.0,6525.0,6900.0,6200.0,5900.0,6525.0,6400.0,5800.0,6300.0,7700.0,7500.0,6525.0,7100.0,6525.0,5400.0,6500.0,6600.0
600001857,MECKLENBURG,I-485,BETWEEN I-485 INNER AND NC 16,10328.57,10328.57,10328.57,10328.57,10328.57,10328.57,10328.57,7900.0,7600.0,8400.0,8500.0,9900.0,11000.0,9800.0,11000.0,12000.0,13000.0,12000.0,10328.57,10500.0,11500.0,11500.0
600001858,MECKLENBURG,I-485,BETWEEN NC 16 NB AND I-485 OUTER,6992.31,6992.31,6992.31,6992.31,6992.31,6992.31,6992.31,4300.0,4100.0,5000.0,5100.0,6100.0,6800.0,6600.0,8000.0,8400.0,6992.31,9300.0,6992.31,8500.0,9300.0,9400.0
600001859,MECKLENBURG,I-485,BETWEEN REA RD SB AND I-485 INNER,3035.71,3035.71,3035.71,3035.71,3035.71,3035.71,3035.71,2400.0,2100.0,2100.0,2300.0,2300.0,2100.0,2700.0,3900.0,3900.0,4400.0,4100.0,3035.71,3300.0,3600.0,3300.0
600001860,MECKLENBURG,I-485,BETWEEN REA RD NB AND I-485 INNER,8100.0,8100.0,8100.0,8100.0,8100.0,8100.0,8100.0,8000.0,7500.0,7800.0,8100.0,7900.0,7400.0,8000.0,9700.0,9200.0,8100.0,8500.0,8100.0,7300.0,8100.0,7800.0
600001861,MECKLENBURG,I-485,BETWEEN REA RD SB AND I-485 OUTER,2261.54,2261.54,2261.54,2261.54,2261.54,2261.54,2261.54,2000.0,1800.0,2000.0,2200.0,2200.0,2400.0,2200.0,2600.0,2400.0,2261.54,2600.0,2261.54,2300.0,2300.0,2400.0
600001862,MECKLENBURG,I-485,BETWEEN I-485 OUTER AND REA RD,11246.15,11246.15,11246.15,11246.15,11246.15,11246.15,11246.15,11000.0,10000.0,10000.0,11000.0,11000.0,9700.0,11000.0,13000.0,12000.0,11246.15,13000.0,11246.15,11000.0,12000.0,11500.0
600001863,MECKLENBURG,I-485,BETWEEN I-485 INNER AND REA RD,5828.57,5828.57,5828.57,5828.57,5828.57,5828.57,5828.57,6200.0,5800.0,5500.0,5900.0,6200.0,6500.0,6300.0,6200.0,5800.0,5800.0,5900.0,5828.57,4600.0,5200.0,5700.0
600001864,MECKLENBURG,I-485,BETWEEN REA RD NB AND I-485 OUTER,4158.33,4158.33,4158.33,4158.33,4158.33,4158.33,4158.33,4200.0,3900.0,4158.33,4100.0,4200.0,4100.0,4300.0,4900.0,4600.0,4158.33,5400.0,4158.33,3400.0,3400.0,3400.0
600001865,MECKLENBURG,I-485,BETWEEN I-485 OUTER AND US 521/JOHNSTON RD,19678.57,19678.57,19678.57,19678.57,19678.57,19678.57,19678.57,17000.0,16000.0,16000.0,17000.0,18000.0,16000.0,20000.0,23000.0,24000.0,25000.0,23500.0,19678.57,19000.0,20000.0,21000.0
600001866,MECKLENBURG,I-485,BETWEEN US 521 NB AND I-485 OUTER,7021.43,7021.43,7021.43,7021.43,7021.43,7021.43,7021.43,6600.0,6200.0,6500.0,7000.0,7700.0,7500.0,6700.0,7900.0,7500.0,7800.0,7300.0,7021.43,6200.0,6500.0,6900.0
600001867,MECKLENBURG,I-485,BETWEEN US 521/JOHNSTON RD AND I-485 INNER,19821.43,19821.43,19821.43,19821.43,19821.43,19821.43,19821.43,16000.0,15000.0,16000.0,16000.0,16000.0,16000.0,20000.0,25000.0,25000.0,25000.0,26000.0,19821.43,19000.0,21000.0,21500.0
600001868,MECKLENBURG,I-485,BETWEEN I-485 INNER AND US 521 SB,5828.57,5828.57,5828.57,5828.57,5828.57,5828.57,5828.57,5700.0,5000.0,5400.0,5600.0,6100.0,5100.0,5600.0,6800.0,6600.0,6100.0,6300.0,5828.57,5700.0,5700.0,5900.0
600001869,MECKLENBURG,I-485,BETWEEN I-485 INNER AND JOHNSTON RD NB,4678.57,4678.57,4678.57,4678.57,4678.57,4678.57,4678.57,4100.0,3600.0,4000.0,4000.0,4100.0,4500.0,4400.0,5300.0,5400.0,5700.0,5300.0,4678.57,4400.0,5300.0,5400.0
600001870,MECKLENBURG,I-485,BETWEEN JOHNSTON RD SB AND I-485 OUTER,3028.57,3028.57,3028.57,3028.57,3028.57,3028.57,3028.57,3200.0,3100.0,3300.0,3500.0,3500.0,3400.0,2900.0,3300.0,3000.0,2200.0,2800.0,3028.57,2400.0,3000.0,2800.0
600001871,MECKLENBURG,I-485,BETWEEN NC 51 AND I-485 INNER,22107.14,22107.14,22107.14,22107.14,22107.14,22107.14,22107.14,21000.0,20000.0,21000.0,22000.0,25000.0,21000.0,21000.0,24000.0,23000.0,23000.0,23500.0,22107.14,21000.0,22000.0,22000.0
600001872,MECKLENBURG,I-485,BETWEEN I-485 INNER AND NC 51 SB,4457.14,4457.14,4457.14,4457.14,4457.14,4457.14,4457.14,3800.0,3600.0,3300.0,3700.0,5300.0,5000.0,3900.0,5600.0,4900.0,5000.0,4700.0,4457.14,4200.0,4700.0,4700.0
600001873,MECKLENBURG,I-485,BETWEEN I-485 INNER AND NC 51 NB,3178.57,3178.57,3178.57,3178.57,3178.57,3178.57,3178.57,2700.0,2500.0,2500.0,2800.0,3200.0,2500.0,3000.0,3800.0,4700.0,3800.0,3500.0,3178.57,3100.0,3200.0,3200.0
600001874,MECKLENBURG,I-485,BETWEEN NC 51 AND I-485 OUTER,8564.29,8564.29,8564.29,8564.29,8564.29,8564.29,8564.29,8000.0,7800.0,8200.0,8600.0,10000.0,7800.0,7700.0,9800.0,8800.0,9500.0,8700.0,8564.29,8200.0,8200.0,8600.0
600001875,MECKLENBURG,I-485,BETWEEN I-485 OUTER AND NC 51 NB,13000.0,13000.0,13000.0,13000.0,13000.0,13000.0,13000.0,12000.0,11000.0,11000.0,12000.0,12000.0,10000.0,13000.0,15000.0,15000.0,13000.0,15000.0,13000.0,14000.0,14500.0,14500.0
600001876,MECKLENBURG,I-485,BETWEEN I-485 OUTER AND NC 51 SB,5442.86,5442.86,5442.86,5442.86,5442.86,5442.86,5442.86,5300.0,5100.0,4800.0,4900.0,7000.0,4800.0,5400.0,6900.0,5800.0,5700.0,6000.0,5442.86,4700.0,5000.0,4800.0
600001877,MECKLENBURG,I-485,BETWEEN I-485 OUTER AND  SR 4982 NB,4315.38,4315.38,4315.38,4315.38,4315.38,4315.38,4315.38,3900.0,3700.0,3800.0,4100.0,3800.0,3300.0,4300.0,5500.0,5200.0,4315.38,5200.0,4315.38,4200.0,4500.0,4600.0
600001878,MECKLENBURG,I-485,BETWEEN  SR 4982 AND I-485 OUTER,9692.31,9692.31,9692.31,9692.31,9692.31,9692.31,9692.31,9800.0,9600.0,9500.0,10000.0,11000.0,10000.0,8800.0,11000.0,9900.0,9692.31,9600.0,9692.31,8700.0,8900.0,9200.0
600001879,MECKLENBURG,I-485,BETWEEN I-485 OUTER AND SR 4982 SB,4900.0,4900.0,4900.0,4900.0,4900.0,4900.0,4900.0,4400.0,4200.0,4500.0,4700.0,4400.0,5100.0,4500.0,5200.0,5200.0,5300.0,5300.0,4900.0,5000.0,5300.0,5500.0
600001880,MECKLENBURG,I-485,BETWEEN SR 3998 AND I-485 INNER,5100.0,5100.0,5100.0,5100.0,5100.0,5100.0,5100.0,4800.0,4600.0,4400.0,4800.0,5100.0,4700.0,5000.0,6000.0,5300.0,5600.0,5700.0,5100.0,5000.0,5100.0,5300.0
600001881,MECKLENBURG,I-485,BETWEEN  SR 4982 AND I-485 INNER,4253.85,4253.85,4253.85,4253.85,4253.85,4253.85,4253.85,4000.0,4000.0,4100.0,4300.0,4600.0,4200.0,4100.0,4000.0,4200.0,4253.85,4100.0,4253.85,3900.0,5600.0,4200.0
600001882,MECKLENBURG,I-485,BETWEEN I-485 INNER AND SR 3998,9935.71,9935.71,9935.71,9935.71,9935.71,9935.71,9935.71,9200.0,8800.0,8900.0,9600.0,9900.0,9100.0,9600.0,12000.0,11000.0,11000.0,10500.0,9935.71,9400.0,9600.0,10500.0
600001883,MECKLENBURG,I-485,BETWEEN NC 49 NB AND I-485 OUTER,9314.29,9314.29,9314.29,9314.29,9314.29,9314.29,9314.29,9200.0,8800.0,9000.0,9400.0,9400.0,9700.0,9600.0,10000.0,9500.0,9500.0,9500.0,9314.29,8900.0,8800.0,9100.0
600001884,MECKLENBURG,I-485,BETWEEN NC 49 SB AND I-485 OUTER,4015.38,4015.38,4015.38,4015.38,4015.38,4015.38,4015.38,4400.0,4100.0,4100.0,4000.0,3900.0,5100.0,5100.0,3900.0,3900.0,4015.38,3600.0,4015.38,3000.0,3400.0,3700.0
600001885,MECKLENBURG,I-485,BETWEEN I-485 OUTER AND NC 49,5500.0,5500.0,5500.0,5500.0,5500.0,5500.0,5500.0,4000.0,4100.0,4300.0,3500.0,5400.0,6400.0,5500.0,6100.0,6500.0,6600.0,6700.0,5500.0,5700.0,6100.0,6100.0
600001886,MECKLENBURG,I-485,BETWEEN NC 49 AND I-485 INNER,5776.92,5776.92,5776.92,5776.92,5776.92,5776.92,5776.92,4200.0,4100.0,5776.92,4800.0,5300.0,5200.0,5600.0,6200.0,6700.0,7100.0,6800.0,5776.92,6400.0,6400.0,6300.0
600001887,MECKLENBURG,I-485,BETWEEN I-485 INNER AND NC 49,12285.71,12285.71,12285.71,12285.71,12285.71,12285.71,12285.71,13000.0,12000.0,12000.0,13000.0,12000.0,13000.0,13000.0,13000.0,13000.0,12500.0,12500.0,12285.71,10500.0,11000.0,11500.0
600001888,MECKLENBURG,I-485,BETWEEN I-485 INNER AND SR 1143,4407.14,4407.14,4407.14,4407.14,4407.14,4407.14,4407.14,3600.0,3500.0,3600.0,3700.0,4000.0,3900.0,4000.0,4700.0,5800.0,5600.0,5400.0,4407.14,4300.0,4500.0,5100.0
600001889,MECKLENBURG,I-485,BETWEEN SR 1143 AND I-485 OUTER,4628.57,4628.57,4628.57,4628.57,4628.57,4628.57,4628.57,4600.0,3700.0,3700.0,3700.0,5000.0,4100.0,4500.0,4700.0,5400.0,5400.0,5500.0,4628.57,4700.0,4800.0,5000.0
600001890,MECKLENBURG,I-485,BETWEEN SR 1143 AND I-485 INNER,5764.29,5764.29,5764.29,5764.29,5764.29,5764.29,5764.29,4300.0,3900.0,4100.0,4200.0,4800.0,5300.0,5800.0,6900.0,7700.0,7700.0,7800.0,5764.29,5600.0,6100.0,6500.0
600001891,MECKLENBURG,I-485,BETWEEN I-485 OUTER AND SR 1143,5428.57,5428.57,5428.57,5428.57,5428.57,5428.57,5428.57,2100.0,3800.0,4100.0,4300.0,5000.0,5500.0,5500.0,6600.0,7000.0,7400.0,7100.0,5428.57,5500.0,5900.0,6200.0
600001892,MECKLENBURG,I-485,BETWEEN NC 160 EB AND I-485 OUTER,3721.43,3721.43,3721.43,3721.43,3721.43,3721.43,3721.43,1600.0,2100.0,1900.0,2100.0,2400.0,3100.0,3500.0,4500.0,4800.0,5300.0,5400.0,3721.43,5200.0,5000.0,5200.0
600001893,MECKLENBURG,I-485,BETWEEN NC 160 EB AND I-485 INNER,8757.14,8757.14,8757.14,8757.14,8757.14,8757.14,8757.14,4900.0,4900.0,6000.0,6500.0,7300.0,8200.0,8900.0,9400.0,10000.0,11000.0,11500.0,8757.14,11000.0,11500.0,11500.0
600001894,MECKLENBURG,I-485,BETWEEN I-485 INNER AND NC 160,6450.0,6450.0,6450.0,6450.0,6450.0,6450.0,6450.0,4700.0,4300.0,4100.0,3800.0,4500.0,5300.0,5900.0,7500.0,7900.0,9500.0,8600.0,6450.0,7400.0,8000.0,8800.0
600001895,MECKLENBURG,I-485,BETWEEN NC 160 WB AND I-485 INNER,2300.0,2300.0,2300.0,2300.0,2300.0,2300.0,2300.0,1800.0,1900.0,1400.0,1400.0,1500.0,1700.0,1800.0,2400.0,3000.0,2800.0,3300.0,2300.0,2200.0,3200.0,3800.0
600001896,MECKLENBURG,I-485,BETWEEN I-485 OUTER AND NC 160,10478.57,10478.57,10478.57,10478.57,10478.57,10478.57,10478.57,6200.0,7300.0,7100.0,6900.0,7400.0,9300.0,10000.0,11000.0,12000.0,13000.0,14500.0,10478.57,13500.0,14000.0,14500.0
600001897,MECKLENBURG,I-485,BETWEEN NC 160 WB AND I-485 OUTER,1771.43,1771.43,1771.43,1771.43,1771.43,1771.43,1771.43,2300.0,2100.0,1600.0,1500.0,1400.0,1700.0,1600.0,1700.0,2600.0,2100.0,1700.0,1771.43,1400.0,1500.0,1600.0
600001898,MECKLENBURG,I-485,BETWEEN I-485 OUTER AND US 29-74,3825.0,3825.0,3825.0,3825.0,3825.0,3825.0,3825.0,2400.0,2700.0,3825.0,3200.0,3400.0,3700.0,3700.0,3500.0,4000.0,3825.0,4600.0,3825.0,4500.0,4700.0,5500.0
600001899,MECKLENBURG,I-485,BETWEEN US 29-74 AND I-485 OUTER,8371.43,8371.43,8371.43,8371.43,8371.43,8371.43,8371.43,5800.0,6000.0,6300.0,6700.0,6600.0,7600.0,8400.0,9200.0,9800.0,10000.0,10500.0,8371.43,9500.0,9800.0,11000.0
600001900,MECKLENBURG,I-485,BETWEEN I-85/US 29-74 AND I-485 OUTER,32230.77,32230.77,32230.77,32230.77,32230.77,32230.77,32230.77,26000.0,26000.0,27000.0,27000.0,26000.0,26000.0,34000.0,45000.0,35000.0,32230.77,37500.0,32230.77,36000.0,35000.0,38500.0
600001901,MECKLENBURG,I-485,BETWEEN US 29-74 AND I-485 INNER,3576.92,3576.92,3576.92,3576.92,3576.92,3576.92,3576.92,2300.0,2600.0,2600.0,3000.0,3000.0,3100.0,3500.0,3300.0,3900.0,3576.92,4400.0,3576.92,4600.0,4400.0,5800.0
600001902,MECKLENBURG,I-485,BETWEEN I-485 INNER AND US 29-74,9584.62,9584.62,9584.62,9584.62,9584.62,9584.62,9584.62,6600.0,7300.0,6900.0,7900.0,8000.0,9500.0,9500.0,9900.0,10000.0,9584.62,11500.0,9584.62,11000.0,12500.0,14000.0
600001903,MECKLENBURG,I-485,BETWEEN I-85 AND I-485 OUTER C-D,27346.15,27346.15,27346.15,27346.15,27346.15,27346.15,27346.15,22000.0,23000.0,27346.15,24000.0,26000.0,28000.0,14000.0,28000.0,31000.0,32000.0,32500.0,27346.15,29500.0,30500.0,35000.0
600001904,MECKLENBURG,I-485,BETWEEN I-485 INNER C-D AND I-85,27615.38,27615.38,27615.38,27615.38,27615.38,27615.38,27615.38,22000.0,23000.0,23000.0,23000.0,26000.0,30000.0,29000.0,27000.0,31000.0,27615.38,32500.0,27615.38,30500.0,30500.0,31500.0
600001912,MECKLENBURG,I-485,BETWEEN I-485 OUTER AND I-85 SB,10578.57,10578.57,10578.57,10578.57,10578.57,10578.57,10578.57,7100.0,7000.0,8500.0,9100.0,8900.0,10000.0,11000.0,12000.0,13000.0,13500.0,13000.0,10578.57,13000.0,11500.0,10500.0
600001913,MECKLENBURG,I-485,BETWEEN I-485 OUTER AND I-85/US 29-74,16576.92,16576.92,16576.92,16576.92,16576.92,16576.92,16576.92,12000.0,13000.0,13000.0,14000.0,15000.0,16000.0,18000.0,18000.0,18000.0,16576.92,21500.0,16576.92,18500.0,19500.0,19000.0
600001914,MECKLENBURG,I-485,BETWEEN I-85 AND I-485 INNER,16214.29,16214.29,16214.29,16214.29,16214.29,16214.29,16214.29,11000.0,11000.0,11000.0,14000.0,14000.0,15000.0,16000.0,16000.0,19000.0,19500.0,20000.0,16214.29,19000.0,18500.0,23000.0
600001915,MECKLENBURG,I-485,BETWEEN US 29-74 AND I-485 INNER,2414.29,2414.29,2414.29,2414.29,2414.29,2414.29,2414.29,1600.0,1700.0,1700.0,2000.0,2300.0,2300.0,2700.0,2300.0,2800.0,2800.0,2900.0,2414.29,2600.0,2800.0,3300.0
600001917,MECKLENBURG,I-485,BETWEEN I-85 SB AND I-485 INNER,4307.14,4307.14,4307.14,4307.14,4307.14,4307.14,4307.14,3100.0,3000.0,3000.0,3300.0,3800.0,3800.0,4200.0,4000.0,5000.0,5600.0,5500.0,4307.14,5000.0,5100.0,5900.0
600001918,MECKLENBURG,I-485,BETWEEN SR 1601 AND I-485 INNER,2492.86,2492.86,2492.86,2492.86,2492.86,2492.86,2492.86,1300.0,1300.0,1400.0,1500.0,1700.0,1900.0,2000.0,2500.0,2400.0,3200.0,3600.0,2492.86,3900.0,3900.0,4300.0
600001919,MECKLENBURG,I-485,BETWEEN I-485 INNER AND SR 1601,5676.92,5676.92,5676.92,5676.92,5676.92,5676.92,5676.92,3800.0,3700.0,3800.0,5676.92,4500.0,4300.0,5100.0,5600.0,6400.0,7200.0,7000.0,5676.92,7100.0,7300.0,8000.0
600001920,MECKLENBURG,I-485,BETWEEN SR 1601 AND I-485 OUTER,4742.86,4742.86,4742.86,4742.86,4742.86,4742.86,4742.86,3400.0,3300.0,3300.0,3800.0,4100.0,4700.0,4700.0,4800.0,5300.0,5900.0,5600.0,4742.86,5900.0,5800.0,5800.0
600001921,MECKLENBURG,I-485,BETWEEN I-485 OUTER AND SR 1601,2807.69,2807.69,2807.69,2807.69,2807.69,2807.69,2807.69,1300.0,1300.0,1400.0,1600.0,1800.0,1900.0,2000.0,2000.0,1900.0,2807.69,4300.0,2807.69,5000.0,5500.0,6500.0
600001922,MECKLENBURG,I-485,BETWEEN NC 27 AND I-485 OUTER,5292.86,5292.86,5292.86,5292.86,5292.86,5292.86,5292.86,4400.0,4400.0,4600.0,4900.0,5300.0,5700.0,5400.0,5200.0,5700.0,5700.0,5600.0,5292.86,5800.0,5600.0,5800.0
600001923,MECKLENBURG,I-485,BETWEEN I-485 OUTER AND NC 27,3392.31,3392.31,3392.31,3392.31,3392.31,3392.31,3392.31,1700.0,1700.0,1900.0,2000.0,2300.0,2500.0,3600.0,3900.0,4200.0,3392.31,4500.0,3392.31,5000.0,5000.0,5800.0
600001924,MECKLENBURG,I-485,BETWEEN NC 27 AND I-485 INNER,3484.62,3484.62,3484.62,3484.62,3484.62,3484.62,3484.62,1700.0,1900.0,1900.0,2200.0,2400.0,2600.0,3700.0,3800.0,4500.0,3484.62,5000.0,3484.62,5000.0,5000.0,5600.0
600001925,MECKLENBURG,I-485,BETWEEN I-485 INNER AND NC 27,5200.0,5200.0,5200.0,5200.0,5200.0,5200.0,5200.0,4500.0,4400.0,4600.0,4700.0,5000.0,5500.0,5200.0,4900.0,5200.0,5600.0,5500.0,5200.0,5900.0,5600.0,6200.0
600001972,MECKLENBURG,I-485,BETWEEN I-77/NC 115 AND I-485 OUTER,15928.57,15928.57,15928.57,15928.57,15928.57,15928.57,15928.57,11000.0,12000.0,14000.0,14000.0,16000.0,16000.0,16000.0,16000.0,17000.0,17000.0,18500.0,15928.57,19500.0,16000.0,20000.0
600001973,MECKLENBURG,I-485,BETWEEN I-485 INNER AND I-77,12992.86,12992.86,12992.86,12992.86,12992.86,12992.86,12992.86,9000.0,9900.0,11000.0,11000.0,12000.0,14000.0,12000.0,17000.0,12000.0,13500.0,15500.0,12992.86,15000.0,15000.0,15000.0
600001980,MECKLENBURG,I-485,BETWEEN I-485 INNER AND NC 115,3092.86,3092.86,3092.86,3092.86,3092.86,3092.86,3092.86,1900.0,2300.0,2600.0,2700.0,3300.0,3600.0,2800.0,2800.0,3500.0,3600.0,3300.0,3092.86,3300.0,3600.0,4000.0
600001981,MECKLENBURG,I-485,BETWEEN I-485 INNER /I-77 AND NC 115,6807.14,6807.14,6807.14,6807.14,6807.14,6807.14,6807.14,4600.0,5600.0,6200.0,6200.0,8200.0,8700.0,5800.0,6100.0,7300.0,7800.0,7000.0,6807.14,6400.0,7400.0,8000.0
600001982,MECKLENBURG,I-485,BETWEEN NC 115 AND I-485 OUTER/I-77,6464.29,6464.29,6464.29,6464.29,6464.29,6464.29,6464.29,4300.0,5200.0,5900.0,6000.0,7500.0,8400.0,5900.0,6000.0,6700.0,6800.0,6600.0,6464.29,6200.0,7200.0,7800.0
600001985,MECKLENBURG,I-485,BETWEEN NC 24 EB AND I-485 OUTER,2080.71,2080.71,2080.71,2080.71,2080.71,2080.71,2080.71,930.0,1100.0,1400.0,1600.0,1800.0,2100.0,2300.0,2500.0,3400.0,2500.0,2200.0,2080.71,2300.0,2200.0,2800.0
600001986,MECKLENBURG,I-485,BETWEEN NC 24 WB AND I-485 OUTER,5500.0,5500.0,5500.0,5500.0,5500.0,5500.0,5500.0,3400.0,3800.0,4400.0,4900.0,5900.0,6500.0,6000.0,5900.0,7000.0,5500.0,7000.0,5500.0,5500.0,5400.0,5800.0
600001987,MECKLENBURG,I-485,BETWEEN I-485 OUTER AND NC 24,3446.92,3446.92,3446.92,3446.92,3446.92,3446.92,3446.92,860.0,950.0,1100.0,1300.0,1200.0,1400.0,4100.0,4700.0,5300.0,3446.92,5800.0,3446.92,5900.0,5900.0,6300.0
600001988,MECKLENBURG,I-485,BETWEEN NC 24 AND I-485 INNER,3382.86,3382.86,3382.86,3382.86,3382.86,3382.86,3382.86,920.0,940.0,1000.0,1100.0,1300.0,1300.0,3900.0,4400.0,5000.0,5200.0,5600.0,3382.86,5300.0,5500.0,5900.0
600001989,MECKLENBURG,I-485,BETWEEN I-485 INNER AND NC 24,8642.86,8642.86,8642.86,8642.86,8642.86,8642.86,8642.86,4800.0,5400.0,6700.0,7500.0,8900.0,9700.0,9200.0,9600.0,10000.0,11000.0,10500.0,8642.86,9100.0,8800.0,9800.0
600001990,MECKLENBURG,I-485,BETWEEN NC 16 SB AND I-485 OUTER,7550.0,7550.0,7550.0,7550.0,7550.0,7550.0,7550.0,5000.0,5000.0,6000.0,6500.0,7200.0,7900.0,7600.0,7700.0,8100.0,8500.0,8300.0,7550.0,9200.0,9000.0,9700.0
600001991,MECKLENBURG,I-485,BETWEEN NC 16 EB AND I-485 INNER,5778.57,5778.57,5778.57,5778.57,5778.57,5778.57,5778.57,2400.0,2400.0,3100.0,3400.0,3700.0,4000.0,5800.0,6100.0,7500.0,8100.0,7900.0,5778.57,8700.0,8400.0,9400.0
600001992,MECKLENBURG,I-485,BETWEEN I-485 OUTER AND NC 16,6946.15,6946.15,6946.15,6946.15,6946.15,6946.15,6946.15,3400.0,3500.0,4200.0,4200.0,4700.0,4900.0,7400.0,7800.0,8500.0,6946.15,9700.0,6946.15,10500.0,10500.0,11000.0
600001993,MECKLENBURG,I-485,BETWEEN NC 16 WB AND I-485 INNER,1614.29,1614.29,1614.29,1614.29,1614.29,1614.29,1614.29,830.0,900.0,970.0,1100.0,1200.0,1300.0,1700.0,1800.0,1900.0,2300.0,2100.0,1614.29,2300.0,2100.0,2100.0
600001994,MECKLENBURG,I-485,BETWEEN I-485 INNER AND NC 16,8721.43,8721.43,8721.43,8721.43,8721.43,8721.43,8721.43,6100.0,6300.0,6800.0,7300.0,8100.0,8700.0,8700.0,9200.0,9800.0,9600.0,11000.0,8721.43,10500.0,10000.0,10000.0
600001995,MECKLENBURG,I-485,BETWEEN NC 16 NB AND I-485 OUTER,1178.57,1178.57,1178.57,1178.57,1178.57,1178.57,1178.57,1200.0,1000.0,1100.0,1200.0,1300.0,1300.0,1400.0,1300.0,1200.0,1100.0,1100.0,1178.57,1200.0,1100.0,1000.0
600001996,MECKLENBURG,I-485,BETWEEN SR 1148 AND I-485 INNER,3850.0,3850.0,3850.0,3850.0,3850.0,3850.0,3850.0,3850.0,3850.0,1800.0,2200.0,3200.0,3800.0,3700.0,4300.0,4500.0,5000.0,4500.0,3850.0,3800.0,4600.0,4800.0
600001997,MECKLENBURG,I-485,BETWEEN I-485 OUTER AND SR 1148,3283.33,3283.33,3283.33,3283.33,3283.33,3283.33,3283.33,3283.33,3283.33,1800.0,2400.0,3300.0,3600.0,3400.0,3600.0,3500.0,3700.0,3600.0,3283.33,3300.0,3500.0,3700.0
600001998,MECKLENBURG,I-485,BETWEEN I-485 INNER AND SR 1148,2708.33,2708.33,2708.33,2708.33,2708.33,2708.33,2708.33,2708.33,2708.33,1200.0,1600.0,2500.0,2600.0,2800.0,2900.0,3100.0,3300.0,3200.0,2708.33,3100.0,3000.0,3200.0
600001999,MECKLENBURG,I-485,BETWEEN SR 1148 AND I-485 OUTER,2800.0,2800.0,2800.0,2800.0,2800.0,2800.0,2800.0,2800.0,2800.0,1200.0,1700.0,2300.0,2700.0,2800.0,3100.0,3200.0,3300.0,4300.0,2800.0,2800.0,3000.0,3200.0
600002003,MECKLENBURG,I-485,BETWEEN US 521 NB AND I-485 INNER,18166.67,18166.67,18166.67,18166.67,18166.67,18166.67,18166.67,18166.67,18166.67,18166.67,18166.67,18166.67,13000.0,17000.0,21000.0,20000.0,20500.0,21000.0,18166.67,15500.0,17500.0,18000.0
600002011,MECKLENBURG,I-485,BETWEEN I-485 INNER AND I-85 SB,7450.0,7450.0,7450.0,7450.0,7450.0,7450.0,7450.0,7450.0,7450.0,7450.0,7450.0,7450.0,7450.0,4300.0,6500.0,7500.0,8000.0,9100.0,7450.0,7500.0,7800.0,8900.0
600002012,MECKLENBURG,I-485,BETWEEN I-485 INNER AND I-85 NB,14057.14,14057.14,14057.14,14057.14,14057.14,14057.14,14057.14,14057.14,14057.14,14057.14,14057.14,14057.14,14057.14,8400.0,12000.0,12000.0,14057.14,15000.0,14057.14,16500.0,17000.0,17500.0
600002013,MECKLENBURG,I-485,BETWEEN NC 115 AND I-485 INNER,8937.5,8937.5,8937.5,8937.5,8937.5,8937.5,8937.5,8937.5,8937.5,8937.5,8937.5,8937.5,8937.5,6100.0,7800.0,8800.0,9700.0,9400.0,8937.5,8900.0,9800.0,11000.0
600002014,MECKLENBURG,I-485,BETWEEN I-485 OUTTER AND NC 115,9225.0,9225.0,9225.0,9225.0,9225.0,9225.0,9225.0,9225.0,9225.0,9225.0,9225.0,9225.0,9225.0,6500.0,8400.0,9300.0,10000.0,9900.0,9225.0,9200.0,10000.0,10500.0
600002015,MECKLENBURG,I-485,BETWEEN I-485 INNER AND BENFIELD RD,11600.0,11600.0,11600.0,11600.0,11600.0,11600.0,11600.0,11600.0,11600.0,11600.0,11600.0,11600.0,11600.0,7800.0,10000.0,11000.0,11000.0,12000.0,11600.0,13000.0,13500.0,14500.0
600002016,MECKLENBURG,I-485,BETWEEN BENFIELD RD AND I-485 OUTTER,10837.5,10837.5,10837.5,10837.5,10837.5,10837.5,10837.5,10837.5,10837.5,10837.5,10837.5,10837.5,10837.5,7800.0,4900.0,11000.0,11500.0,12000.0,10837.5,13000.0,13000.0,13500.0
600002017,MECKLENBURG,I-485,BETWEEN PROSPERITY RIDGE AND I-485 INNER,6750.0,6750.0,6750.0,6750.0,6750.0,6750.0,6750.0,6750.0,6750.0,6750.0,6750.0,6750.0,6750.0,3900.0,5900.0,6200.0,6700.0,7300.0,6750.0,7800.0,7500.0,8700.0
600002018,MECKLENBURG,I-485,BETWEEN I-485 OUTER AND PROSPERITY RIDGE RD,6400.0,6400.0,6400.0,6400.0,6400.0,6400.0,6400.0,6400.0,6400.0,6400.0,6400.0,6400.0,6400.0,3800.0,5500.0,5900.0,6600.0,7500.0,6400.0,6400.0,7500.0,8000.0
600002019,MECKLENBURG,I-485,BETWEEN I-485 INNER AND SR 2467,6250.0,6250.0,6250.0,6250.0,6250.0,6250.0,6250.0,6250.0,6250.0,6250.0,6250.0,6250.0,6250.0,3500.0,5500.0,5600.0,6400.0,7000.0,6250.0,7100.0,7200.0,7700.0
600002020,MECKLENBURG,I-485,BETWEEN SR 2467 (MALLARD CREEK RD) AND I-485 INNER,7375.0,7375.0,7375.0,7375.0,7375.0,7375.0,7375.0,7375.0,7375.0,7375.0,7375.0,7375.0,7375.0,4600.0,6800.0,7400.0,8000.0,8500.0,7375.0,7900.0,7500.0,8300.0
600002021,MECKLENBURG,I-485,BETWEEN I-485 OUTTER AND SR 2467,7012.5,7012.5,7012.5,7012.5,7012.5,7012.5,7012.5,7012.5,7012.5,7012.5,7012.5,7012.5,7012.5,3000.0,6500.0,7000.0,7600.0,7900.0,7012.5,8500.0,7400.0,8200.0
600002022,MECKLENBURG,I-485,BETWEEN SR 2467 AND I-485 OUTTER,5575.0,5575.0,5575.0,5575.0,5575.0,5575.0,5575.0,5575.0,5575.0,5575.0,5575.0,5575.0,5575.0,3100.0,4700.0,5300.0,6100.0,4000.0,5575.0,7300.0,6600.0,7500.0
600002023,MECKLENBURG,I-485,BETWEEN I-485OUTTER/I-77 AND I-485 INNER,19285.71,19285.71,19285.71,19285.71,19285.71,19285.71,19285.71,19285.71,19285.71,19285.71,19285.71,19285.71,19285.71,13000.0,17000.0,13000.0,19285.71,21500.0,19285.71,22500.0,23500.0,24500.0
600002025,MECKLENBURG,I-485,BETWEEN NC 16 SB AND I-485 OUTER,3350.0,3350.0,3350.0,3350.0,3350.0,3350.0,3350.0,3700.0,3600.0,3200.0,3200.0,3300.0,3400.0,3400.0,3800.0,3400.0,3500.0,3300.0,3350.0,2700.0,3100.0,3300.0
600002026,MECKLENBURG,I-485,BETWEEN NC 16 NB AND I-485 INNER,7315.38,7315.38,7315.38,7315.38,7315.38,7315.38,7315.38,4400.0,4400.0,5600.0,5600.0,6200.0,6200.0,6700.0,9000.0,6400.0,7315.38,9800.0,7315.38,9300.0,10500.0,11000.0
600002144,MECKLENBURG,I-485,BETWEEN NC 115 AND I-77,23600.0,23600.0,23600.0,23600.0,23600.0,23600.0,23600.0,23600.0,23600.0,23600.0,23600.0,23600.0,23600.0,23600.0,14000.0,23600.0,23600.0,14500.0,23600.0,28500.0,29500.0,31500.0
600002168,MECKLENBURG,I-485,BETWEEN I-485 AND OAKDALE RD,3940.0,3940.0,3940.0,3940.0,3940.0,3940.0,3940.0,3940.0,3940.0,3940.0,3940.0,3940.0,3940.0,3940.0,3940.0,3940.0,4400.0,3200.0,3940.0,3900.0,3900.0,4300.0
600002169,MECKLENBURG,I-485,BETWEEN SR 2042 (OAKDALE RD) AND I-485,3500.0,3500.0,3500.0,3500.0,3500.0,3500.0,3500.0,3500.0,3500.0,3500.0,3500.0,3500.0,3500.0,3500.0,3500.0,3500.0,2900.0,3300.0,3500.0,3400.0,3500.0,4400.0
600002170,MECKLENBURG,I-485,BETWEEN I-485 AND SR 2042 (OAKDALE RD),3580.0,3580.0,3580.0,3580.0,3580.0,3580.0,3580.0,3580.0,3580.0,3580.0,3580.0,3580.0,3580.0,3580.0,3580.0,3580.0,3200.0,3600.0,3580.0,3400.0,3800.0,3900.0
600002171,MECKLENBURG,I-485,BETWEEN SR 2042 (OAKDALE RD) AND I-485,3700.0,3700.0,3700.0,3700.0,3700.0,3700.0,3700.0,3700.0,3700.0,3700.0,3700.0,3700.0,3700.0,3700.0,3700.0,3700.0,3900.0,3600.0,3700.0,3500.0,3300.0,4200.0
600002174,MECKLENBURG,I-485,BETWEEN EXIT 16 AND EXIT 18,79750.0,79750.0,79750.0,79750.0,79750.0,79750.0,79750.0,79750.0,79750.0,79750.0,79750.0,79750.0,79750.0,79750.0,79750.0,79750.0,84500.0,82000.0,69000.0,79750.0,79750.0,83500.0
